frame,years,cpi_factor,cap1_factor,cap3_factor,real_factor_1pct,real_factor_3pct,real_change_1pct_pct,real_change_3pct_pct
2010→2025 (15y),15,1.589150953823029,1.1609689553699987,1.557967416600765,0.7305592666178435,0.9803772340524067,-26.944073338215645,-1.9622765947593268
2016→2025 (9y),9,1.446,1.0936852726843609,1.304773183829245,0.7563521941108997,0.9023327688998928,-24.36478058891003,-9.766723110010723
2020→2025 (5y),5,1.355,1.0510100501000001,1.1592740743,0.7756531735055352,0.8555528223616237,-22.43468264944648,-14.444717763837634
